PROB_NAME,MACHINE,PROB_SIZE,ALG_TIME,TOTAL_TIME
MATMUL_JIK,LAB207,4,9.31986e-07,6.057925200000001e-05
MATMUL_JIK,LAB207,8,3.681288e-06,4.9916898e-05
MATMUL_JIK,LAB207,16,3.0687984000000005e-05,8.6203763999982e-05
MATMUL_JIK,LAB207,32,0.000202739922,0.000263968794
MATMUL_JIK,LAB207,64,0.0017407688939999,0.0018587209319999
MATMUL_JIK,LAB207,128,0.0113830798499999,0.0116177297219999
MATMUL_JIK,LAB207,256,0.0999561967199999,0.100895999382
MATMUL_JIK,LAB207,512,0.700740641268,0.704173337514
MATMUL_JIK,LAB207,1024,5.572142988912001,5.589515643732001
