PROB_NAME,MACHINE,PROB_SIZE,ALG_TIME,TOTAL_TIME
MATMUL_IKJ,LAB207,4,4.961999999999999e-07,8.675399999999998e-06
MATMUL_IKJ,LAB207,8,2.395e-06,1.11056e-05
MATMUL_IKJ,LAB207,16,2.04454e-05,3.1078400000000004e-05
MATMUL_IKJ,LAB207,32,0.0001511894,0.000167199
MATMUL_IKJ,LAB207,64,0.0011865372,0.001222659
MATMUL_IKJ,LAB207,128,0.0085762796,0.0087103028
MATMUL_IKJ,LAB207,256,0.0752877148,0.0757346274
MATMUL_IKJ,LAB207,512,0.6664187643999999,0.6681593264
MATMUL_IKJ,LAB207,1024,5.1631880412,5.1698540944
