PROB_NAME,MACHINE,PROB_SIZE,ALG_TIME,TOTAL_TIME
MATMUL_JKI,LAB207,4,8.67e-07,1.34528e-05
MATMUL_JKI,LAB207,8,3.426e-06,1.48876e-05
MATMUL_JKI,LAB207,16,2.549e-05,3.98928e-05
MATMUL_JKI,LAB207,32,0.0001941512,0.0002142281999999
MATMUL_JKI,LAB207,64,0.0015367514,0.0015831525999999
MATMUL_JKI,LAB207,128,0.011392043,0.0115391082
MATMUL_JKI,LAB207,256,0.0936151508,0.0941531266
MATMUL_JKI,LAB207,512,0.7149384928000001,0.7166649018
MATMUL_JKI,LAB207,1024,13.062582073200002,13.0692432588
