PROB_NAME,MACHINE,PROB_SIZE,ALG_TIME,TOTAL_TIME
MATMUL_IJK,LAB207,4,4.72e-07,8.8216e-06
MATMUL_IJK,LAB207,8,2.4168e-06,1.10786e-05
MATMUL_IJK,LAB207,16,1.6766600000000003e-05,2.70386e-05
MATMUL_IJK,LAB207,32,0.0001454852,0.0001614742
MATMUL_IJK,LAB207,64,0.0011683677999999,0.0012040242
MATMUL_IJK,LAB207,128,0.0088251533999999,0.0089433884
MATMUL_IJK,LAB207,256,0.081189448,0.0816337084
MATMUL_IJK,LAB207,512,0.7439370206,0.7456770055999999
MATMUL_IJK,LAB207,1024,8.7842966462,8.7909091398
