PROB_NAME,MACHINE,PROB_SIZE,ALG_TIME,TOTAL_TIME
MATMUL_KIJ,LAB207,4,6.908e-07,1.2995600000000005e-05
MATMUL_KIJ,LAB207,8,3.903599999999999e-06,1.5802e-05
MATMUL_KIJ,LAB207,16,2.3796e-05,3.813e-05
MATMUL_KIJ,LAB207,32,0.0002010263999999,0.0002224088
MATMUL_KIJ,LAB207,64,0.0014950552,0.0015429051999999
MATMUL_KIJ,LAB207,128,0.0108693549999999,0.0110173808
MATMUL_KIJ,LAB207,256,0.071365296,0.0718760466
MATMUL_KIJ,LAB207,512,0.52148181,0.5231833968
MATMUL_KIJ,LAB207,1024,4.205549058,4.2122842526
